customer_id,first_name,last_name,email
1,Aaron,Stuart,daniel69@example.net
2,Melissa,Middleton,orrcrystal@example.org
3,Linda,Lane,jessechapman@example.org
4,Jose,Kent,kelly89@example.net
5,Karen,Mccormick,ugilbert@example.com
6,James,Bradford,yrobertson@example.com
7,Samantha,Smith,reginald34@example.org
8,Mark,Rose,adrienne14@example.org
9,Christian,Schultz,uvazquez@example.net
10,Eric,Johnson,hbennett@example.net
11,Amanda,Cross,robert27@example.org
12,Michael,Zimmerman,courtney38@example.com
13,Donna,Rodriguez,joneskylie@example.com
14,Tina,Mckenzie,taylor23@example.com
15,Maria,Taylor,amandachung@example.org
16,Benjamin,Contreras,wfitzgerald@example.com
17,Abigail,Ballard,csmith@example.net
18,Isaiah,Golden,william93@example.org
19,Donna,Jefferson,wattsmichael@example.net
20,Russell,Rice,christina75@example.net
21,Derek,Fuller,kpayne@example.org
22,Yvonne,Sosa,leah72@example.org
23,Steven,Hall,brownlaura@example.net
24,Kelly,Ali,kingrobert@example.com
25,John,Briggs,chapmanrachel@example.org
26,Leah,Graham,hopkinsjeffrey@example.net
27,Justin,Taylor,kristinejacobson@example.net
28,Tyler,Johnson,matthew03@example.net
29,Daniel,Nelson,davidhill@example.net
30,Raymond,Rogers,fpowell@example.net
31,Ryan,Powers,lori97@example.com
32,Jose,Shepherd,colejamie@example.net
33,Stephanie,Nelson,katherine04@example.org
34,Isabella,Rios,justinburns@example.net
35,Betty,Garcia,brianalvarez@example.net
36,Cassandra,Howard,james51@example.net
37,James,Colon,bsanders@example.org
38,Dennis,Gordon,gonzalezdale@example.org
39,Paul,Turner,chad91@example.net
40,Douglas,Salas,nicholsonthomas@example.org
41,Cynthia,Daniels,brandon74@example.net
42,Robert,May,iwise@example.com
43,Julia,Jackson,jlloyd@example.net
44,Richard,Rodriguez,mark46@example.net
45,Margaret,Beltran,mariaschmidt@example.com
46,Lisa,Lynch,anna51@example.com
47,Linda,Miller,susan15@example.com
48,Susan,Blake,jeffrey01@example.net
49,Timothy,Collier,hartolivia@example.com
50,Connor,Rosario,jaredmcintyre@example.net
51,Hannah,Kramer,kaiserlaura@example.net
52,Tracy,Morrison,umccarthy@example.net
53,Amber,Diaz,john12@example.com
54,Jonathan,Williams,jason27@example.org
55,Emily,Butler,johnjenkins@example.net
56,Connor,Carter,mcdonaldjared@example.net
57,Mario,Woodward,yknapp@example.org
58,Mario,Woodward,nicholasspencer@example.net
59,Elizabeth,Oliver,colinanderson@example.org
60,Tracy,Lewis,angelaeaton@example.com
61,Elizabeth,Downs,tannerrebekah@example.org
62,Brent,Bell,brian49@example.com
63,Karen,Baxter,cjohnson@example.com
64,Chad,Kemp,jennifer65@example.com
65,Joseph,Villegas,nathansimmons@example.org
66,Martin,Cooley,williemoran@example.org
67,Dustin,Cortez,xmartinez@example.com
68,Alejandro,Taylor,goldenjohn@example.com
69,Joel,Reed,areyes@example.com
70,Nicole,Taylor,lydia71@example.org
71,Olivia,Lewis,greendonna@example.com
72,Allison,Shelton,howard33@example.net
73,Jacqueline,Freeman,williamroberson@example.net
74,Diana,Warren,sarah58@example.org
75,Brandy,Blevins,terrencecarr@example.net
76,Monica,Meza,nicole93@example.net
77,Kenneth,Miller,robert52@example.org
78,Christine,Mccann,dyercatherine@example.org
79,Ronald,Sherman,joshuayates@example.org
80,Marie,Steele,iserrano@example.org
81,Nicholas,Harrison,murillocaleb@example.org
82,Jennifer,Watson,meghan01@example.net
83,Michelle,Evans,laurenhenderson@example.org
84,Isabella,Jones,thomasnewman@example.com
85,Whitney,Reed,annalvarez@example.net
86,Amy,Acosta,bryanadams@example.com
87,Calvin,Kelley,sarahterrell@example.net
88,Brian,Martinez,shawn73@example.org
89,Melissa,Taylor,wangeric@example.com
90,Judith,Norman,thomas43@example.com
91,Jason,Davis,carrie53@example.net
92,Jessica,Hughes,teresawallace@example.com
93,Kimberly,Valdez,michaelphillips@example.com
94,Renee,Petersen,robertjackson@example.net
95,Alexander,Hernandez,kristen11@example.net
96,Brenda,Hernandez,stevensonkayla@example.net
97,Taylor,Reyes,jimmy06@example.com
98,Mike,Ramirez,ronald00@example.net
99,Patricia,Elliott,kenneth32@example.net
100,Courtney,Hayden,benitezamy@example.com
101,Shane,Wilson,fmartin@example.net
102,Isaiah,Williams,linmichael@example.com
103,Bridget,Gonzalez,douglasbraun@example.com
104,Alexis,Weaver,dawn64@example.com
105,Megan,Bennett,lauraboyd@example.com
106,Ruth,Silva,marksilva@example.com
107,Sarah,Travis,zachary50@example.net
108,Howard,Green,tristan85@example.net
109,Hunter,Morrison,joan26@example.net
110,David,Wagner,alvinrussell@example.net
111,Jennifer,Medina,lauriepham@example.org
112,Jason,Banks,adam12@example.org
113,Charles,Rojas,fmorgan@example.org
114,Connie,Ward,edwingonzalez@example.net
115,Amanda,Salas,donald57@example.org
116,Cindy,Barrett,amberhunter@example.org
117,Donald,Peterson,sanderserica@example.org
118,Ronald,Williams,margaret89@example.net
119,Crystal,Rivera,aguilarmaria@example.com
120,Brandon,Young,mmeadows@example.com
121,Veronica,Hopkins,lisa35@example.com
122,Jeffrey,Wright,hernandezmelissa@example.com
123,Christina,Ramirez,stewarthannah@example.com
124,Seth,Williams,dannymurray@example.org
125,Stephanie,Estrada,kristen58@example.org
126,Lisa,Abbott,thomashawkins@example.com
127,Shawn,Yu,jfleming@example.net
128,Anthony,Barnes,travismartinez@example.org
129,Kimberly,Rodriguez,kimberlygriffith@example.com
130,Larry,Mathis,gillespiemichael@example.com
131,Justin,Mcneil,christophersteele@example.org
132,Cindy,Graham,mendezjessica@example.org
133,Crystal,Snyder,jacobpatterson@example.net
134,Erin,Rose,gibsondonna@example.org
135,Andrew,Thomas,dana97@example.net
136,Caitlyn,Moore,angela67@example.org
137,Kara,Bolton,johnstonkelli@example.com
138,Erik,Patterson,christianjulie@example.org
139,Jason,Ellis,fdoyle@example.net
140,Gregory,Frazier,walshmichele@example.org
141,Joseph,Moore,andrea64@example.org
142,Thomas,Thomas,cynthiajoseph@example.org
143,Kelly,Johnson,julieacosta@example.com
144,Jessica,Jones,darmstrong@example.org
145,Stephanie,Delgado,lgray@example.net
146,Robert,Hall,gspencer@example.com
147,Joshua,Thornton,wilcoxanita@example.org
148,Jeremy,Morgan,howardtara@example.org
149,Anthony,Kim,christy29@example.org
150,Holly,Jackson,jacob27@example.org
151,Linda,Sanchez,johnny21@example.net
152,Victoria,Anderson,thomashernandez@example.com
153,William,Hudson,davidcollins@example.net
154,Leslie,Harvey,pharper@example.org
155,Nancy,Long,danagonzales@example.com
156,Rebecca,Chavez,derrick19@example.com
157,Joseph,Jones,kimberly21@example.net
158,Amanda,Turner,perezmegan@example.net
159,Carlos,Kirby,karenjohnson@example.org
160,Larry,Porter,angela59@example.com
161,Aaron,Ingram,michaelchambers@example.com
162,Carolyn,Raymond,ryanhayes@example.com
163,Kathryn,Ruiz,orichardson@example.com
164,Shannon,Richardson,smithkim@example.net
165,Christina,Davis,mcneilbrittany@example.org
166,Daniel,Garza,fwhite@example.com
167,Charles,Duncan,johnathanwyatt@example.org
168,Paul,Smith,tgood@example.net
169,Benjamin,Park,rpowell@example.net
170,Connie,Wood,changtimothy@example.net
171,Jennifer,Stephens,john44@example.net
172,Samantha,James,hamiltonpatrick@example.com
173,Erica,Cabrera,hbailey@example.org
174,Daniel,Romero,uharmon@example.com
175,John,Jones,james32@example.org
176,Edward,Robinson,jonathan95@example.org
177,Desiree,Beard,sweeneyseth@example.org
178,Jeffrey,Mcintyre,rhodge@example.com
179,Eric,Ross,danielsjames@example.com
180,Wayne,Poole,sherrigordon@example.com
181,Michael,Padilla,amckay@example.net
182,Jennifer,Ayala,william69@example.com
183,Scott,Mcfarland,xrogers@example.com
184,Kathleen,Pitts,kelsey21@example.org
185,John,Reynolds,browningtara@example.net
186,Phyllis,Davis,johnpittman@example.com
187,Diana,Henry,nsmith@example.com
188,Jonathan,Harvey,tyler06@example.com
189,Kimberly,Mason,lopezcarla@example.org
190,Karen,Moran,robertsmelissa@example.net
191,Kaitlyn,Guerrero,tfox@example.net
192,William,Wang,jeremiah67@example.org
193,Albert,Williams,jessicalam@example.com
194,Christopher,Anderson,robert32@example.org
195,Andrew,Nichols,tamaraanderson@example.net
196,Daniel,Heath,justinhale@example.com
197,Marie,Gonzales,christina32@example.com
198,James,Randolph,thompsonstacey@example.org
199,Kendra,Taylor,bishopthomas@example.org
200,Aaron,Thompson,turnerjennifer@example.org
201,Alisha,Burns,lcortez@example.com
202,Grace,Ellis,slee@example.org
203,Juan,Smith,bridget04@example.com
204,Joseph,Marquez,wschwartz@example.net
205,Tina,Perez,brittany87@example.org
206,Dustin,Clayton,ysalazar@example.net
207,Carolyn,Johnson,joshua85@example.net
208,Marissa,Ware,sharon63@example.net
209,Michael,Wilson,peterkelly@example.org
210,Rebecca,House,fvelez@example.net
211,Jack,Singh,tiffanyjohnson@example.org
212,Antonio,Alexander,michellemiller@example.net
213,Linda,Dodson,guerradavid@example.com
214,Tiffany,Jefferson,contreraselizabeth@example.org
215,Kevin,Sanchez,matthew01@example.com
216,Cheryl,Mueller,qlee@example.net
217,Virginia,Smith,ycollins@example.com
218,Steven,Scott,seanday@example.net
219,Rachel,Gray,mcintoshmichael@example.org
220,Kristen,Chen,runderwood@example.org
221,Elizabeth,Gonzalez,angelajones@example.org
222,Kayla,Goodwin,timothybennett@example.com
223,Shelley,Wu,yvonnecarney@example.org
224,William,Burnett,richard47@example.com
225,Fernando,Knapp,stephaniebarber@example.net
226,Julie,Anderson,pwalker@example.org
227,Courtney,Lewis,kelleyrobert@example.com
228,Charles,Harrington,michael09@example.org
229,William,Wright,dcaldwell@example.net
230,Brenda,Lin,mgoodwin@example.com
231,Melissa,Anderson,asolis@example.org
232,Daniel,Booth,amber69@example.com
233,Billy,Olson,zbates@example.com
234,Brian,Davis,mvazquez@example.com
235,Brandi,Rangel,millerkristina@example.com
236,Andrew,Brown,agriffin@example.net
237,Mary,Conner,isimmons@example.net
238,Lisa,Reed,ryan30@example.com
239,Terry,King,linda59@example.org
240,Rebecca,Martin,jguerra@example.org
241,Linda,Kim,zbrooks@example.org
242,James,Grant,tmccarthy@example.org
243,Janice,Pennington,ustone@example.com
244,Wendy,Jones,samantha15@example.com
245,Jessica,Carter,vincentcrane@example.net
246,Curtis,Golden,delacruzricky@example.com
247,Cheyenne,Conway,benjaminsanchez@example.com
248,Derek,Hamilton,smiddleton@example.org
249,Travis,Smith,troyjenkins@example.com
250,James,Harrison,kevin34@example.org
251,Jennifer,Kelley,hmedina@example.org
252,Danielle,Taylor,johnguerra@example.org
253,Jermaine,Carlson,thomascrystal@example.net
254,Willie,Brewer,rfarrell@example.net
255,Joanna,Smith,jacksonlouis@example.net
256,Tricia,Powell,proctorchristina@example.org
257,Marc,Warren,zamorapatricia@example.org
258,David,Dominguez,erinsimmons@example.net
259,Richard,Johnson,hwatson@example.com
260,Raymond,Gaines,vickie74@example.org
261,Amanda,Harris,curtischristian@example.org
262,Christian,Ward,lacosta@example.com
263,Cheryl,Wilson,craig16@example.org
264,Christian,White,vware@example.net
265,Howard,West,dgomez@example.com
266,Mark,Richardson,wknight@example.com
267,Heather,Rojas,maxwelllauren@example.net
268,Julia,Rodriguez,hortonmichael@example.org
269,Tammy,Cox,mdavis@example.net
270,Kayla,Andersen,jgonzalez@example.net
271,Warren,Walker,nhuff@example.org
272,Chloe,Smith,joshuaallen@example.net
273,Rachel,Mcclain,mclaughlineric@example.net
274,Brandon,Mueller,clifford79@example.com
275,Michelle,Archer,alyssa24@example.net
276,Jason,Jackson,jnelson@example.com
277,Zoe,Cannon,vkim@example.net
278,Morgan,Lucero,darrenwhitehead@example.com
279,James,Cruz,fdean@example.com
280,Cory,Burns,lori93@example.com
281,Jason,Marshall,tracy39@example.org
282,Ryan,Flores,frostgeoffrey@example.org
283,Tina,Obrien,gherrera@example.org
284,Jason,Ortiz,ashleycollier@example.net
285,Erica,Kane,daykathy@example.org
286,William,Steele,hollowaykenneth@example.com
287,Anthony,Stephens,broach@example.org
288,John,Snyder,barryjohn@example.net
289,Ashley,Green,sullivanmatthew@example.org
290,Melissa,Cooke,andersonnatalie@example.org
291,Gregory,Maynard,kevingarcia@example.org
292,Heidi,Hernandez,christinewood@example.org
293,Dennis,Parker,oayers@example.com
294,Margaret,Bennett,brownwilliam@example.net
295,Gina,Solomon,mannwayne@example.net
296,Teresa,Kennedy,john33@example.net
297,Abigail,Mccormick,amandawyatt@example.com
298,Michelle,Duran,ygrant@example.org
299,Erica,Bartlett,simpsonbrett@example.com
300,Zachary,Williams,richardsjoseph@example.net
301,Eric,Dunlap,phillipsjohn@example.net
302,Samantha,Coleman,ramosashley@example.com
303,Brandon,Edwards,edward55@example.com
304,Kevin,Jenkins,williamsbrian@example.com
305,Mark,Kennedy,turnerjames@example.com
306,Michele,Wallace,walterdebbie@example.net
307,Thomas,Martin,wallskaren@example.org
308,Daniel,Hardy,lgonzalez@example.org
309,Kenneth,Davis,stonepatricia@example.com
310,Monica,Singh,kathleenshaffer@example.com
311,Connor,Wade,susanreyes@example.com
312,Gordon,Sims,jennifersanchez@example.org
313,Veronica,Goodwin,englishlaurie@example.org
314,Rachel,Conway,ggilbert@example.com
315,Rebecca,Bradley,zlittle@example.net
316,Hannah,Jones,zsexton@example.net
317,Diana,Harrison,kyle93@example.org
318,Carla,Rose,warmstrong@example.org
319,James,Crane,jose14@example.net
320,David,Scott,daviddiaz@example.org
321,Melissa,Kim,epowell@example.net
322,Marissa,Kennedy,freemancarol@example.net
323,Donald,Knapp,fhenry@example.org
324,Jennifer,Myers,margaretboyd@example.org
325,Michael,Thomas,ngillespie@example.com
326,Daniel,Pearson,christine16@example.net
327,Donna,Reyes,martinlinda@example.com
328,Michael,Medina,ggrant@example.org
329,David,Smith,manuel06@example.com
330,Stacey,Hernandez,gmorales@example.com
331,Steve,Holloway,amy20@example.org
332,Tony,Hicks,qhodge@example.net
333,Lee,Thomas,laurenandersen@example.com
334,Ashley,Davis,douglas41@example.org
335,Melissa,Allen,laurencampbell@example.org
336,Alyssa,Hawkins,qnavarro@example.org
337,Paul,Gilbert,andersoncorey@example.net
338,Andrew,Richardson,jmyers@example.com
339,Luis,Jordan,bwall@example.net
340,Jerry,Hernandez,nicholashall@example.net
341,Danielle,Simmons,hlester@example.net
342,Cody,Clark,larsenpaul@example.org
343,Janet,Mitchell,vsmith@example.org
344,Jose,Santiago,munoztyler@example.com
345,Alan,Morris,twatkins@example.com
346,Alicia,Burns,cassidycalhoun@example.com
347,Alexander,White,bryantchristina@example.net
348,Raven,Dickerson,xchang@example.com
349,Anna,Becker,jasmine98@example.com
350,Peggy,Thompson,zrichardson@example.org
351,Emily,Gilmore,john46@example.org
352,Melissa,Miller,poncemark@example.net
353,Edward,Woodward,sanderseric@example.com
354,Katie,Diaz,roblesmark@example.org
355,Melissa,Wright,cassandra71@example.org
356,Kevin,Werner,thomasnicole@example.com
357,Michael,Kelley,robertoyoung@example.org
358,Michael,Wilkins,jon30@example.net
359,Robert,Barnes,davidhayden@example.org
360,Clayton,Mack,zjohnson@example.org
361,Erin,Santiago,zmoore@example.org
362,Cynthia,Wolfe,arielholmes@example.net
363,Spencer,Steele,zmurphy@example.org
364,Christopher,Lee,lwalter@example.org
365,Darin,Cohen,robert97@example.org
366,Jesus,Rivera,georgemitchell@example.com
367,Tammy,Ellis,bdecker@example.com
368,Dominic,Greene,johnathanbanks@example.com
369,Randy,Graves,tporter@example.org
370,Tonya,Lynn,eyoung@example.com
371,Jeffery,Hodges,bakerkelsey@example.org
372,Jason,Peterson,jrussell@example.com
373,Deborah,Castro,nicoleboyer@example.net
374,Herbert,Davis,william23@example.com
375,Bailey,Kelly,iarnold@example.com
376,Kyle,Allen,zwilliams@example.net
377,Melanie,Harmon,samuelbishop@example.net
378,Luke,Freeman,wangamber@example.org
379,Stephen,Matthews,danielmoore@example.com
380,Debra,King,xhernandez@example.com
381,Allison,Watson,mwilliams@example.org
382,Michael,White,lammichelle@example.org
383,Richard,Pearson,david66@example.com
384,Tyler,Mata,lewiswilliam@example.net
385,Brian,Mayo,staylor@example.net
386,Mark,Smith,nathan52@example.net
387,Gregory,Wilson,sue50@example.org
388,Michelle,Barnes,harrisdonna@example.net
389,Alice,Wright,isaacdaniels@example.com
390,Michael,Jones,romerojames@example.com
391,Megan,Burnett,gregorybright@example.org
392,Robert,Baker,traviswagner@example.net
393,Elizabeth,Watson,kristinetucker@example.net
394,Danielle,Weaver,brianlittle@example.org
395,Tyrone,Nelson,ubaker@example.net
396,Ronald,Johnson,elizabethcook@example.org
397,Tammy,Pitts,ysawyer@example.com
398,Jessica,Hawkins,michele43@example.net
399,Lisa,Calhoun,glenda46@example.com
400,Denise,Davidson,vazquezcathy@example.org
401,Kelly,Wu,matthewjackson@example.com
402,Rachel,Villarreal,mbarnes@example.com
403,Brett,Allen,emeyer@example.org
404,Brenda,Price,kimberlycoleman@example.net
405,Anita,Ramirez,chadhunt@example.org
406,Harold,Harris,srodgers@example.org
407,Molly,Barnes,xwilliamson@example.com
408,Michael,Miller,knightchristine@example.com
409,Thomas,Sheppard,saravega@example.com
410,Robert,Jordan,fadams@example.net
411,Jennifer,Reyes,owatson@example.net
412,Tony,Miles,brooke04@example.net
413,Sean,Hays,twright@example.com
414,Jeffrey,Morales,johnsonpeter@example.com
415,Claudia,Bradley,angela41@example.com
416,Brianna,Mclaughlin,moorecrystal@example.com
417,Jeremiah,Berger,tony74@example.com
418,Jeffrey,Wright,jenniferpollard@example.org
419,Ashley,Cruz,travisjenkins@example.org
420,Kelly,Morrow,wandaanderson@example.org
421,Craig,Reed,gregory19@example.org
422,Stephanie,Thomas,perezkimberly@example.com
423,Tyler,Curry,hglover@example.com
424,Dawn,Miller,jeff49@example.org
425,Rebecca,Vasquez,pauldunn@example.org
426,Timothy,Miller,porteraustin@example.org
427,Shane,Hall,alexanderwarren@example.com
428,Amanda,Collins,john00@example.net
429,Brian,Brock,alexander89@example.org
430,Kimberly,James,alexandermullins@example.com
431,Michael,Best,allentracey@example.net
432,Ashley,Roberts,brian99@example.org
433,David,Galvan,ggonzalez@example.com
434,Nicole,Williams,john52@example.org
435,Carl,Zhang,rlindsey@example.com
436,Brandon,Harmon,donnachambers@example.com
437,Michelle,Mills,rhondatravis@example.com
438,Michael,Ali,anthonymurray@example.org
439,Michelle,Nelson,jsmith@example.net
440,Michael,Wright,osbornadam@example.com
441,Nancy,Cooper,brendabrooks@example.net
442,Barbara,Turner,stevethomas@example.com
443,Anne,Garner,erivas@example.com
444,Michael,Gallegos,annarogers@example.net
445,Jacob,Gonzalez,mschmidt@example.net
446,Richard,Taylor,nicolassmith@example.net
447,Cheryl,Mendoza,jasondiaz@example.org
448,Patricia,Wolfe,zryan@example.com
449,Sarah,Edwards,scott15@example.com
450,Nicholas,Jenkins,amanda01@example.org
451,Matthew,Cunningham,kennethgarcia@example.com
452,Monique,Dixon,ellispeter@example.net
453,Nicholas,Smith,adamvega@example.org
454,Joseph,Leon,sstewart@example.org
455,Dan,Coleman,uobrien@example.net
456,John,Harvey,jyang@example.net
457,Roberto,Hardy,tiffanyfoster@example.com
458,Ethan,Taylor,ricardo78@example.com
459,Jason,Medina,kristin64@example.com
460,Barbara,Perkins,billytate@example.org
461,Rebecca,Singleton,johnjones@example.org
462,Heather,Morrison,jason44@example.net
463,Nina,Booker,sarah95@example.net
464,Julia,Goodwin,brittany35@example.com
465,Blake,Chen,russell35@example.net
466,April,Zhang,heatherabbott@example.org
467,Chad,Johnson,michaeldixon@example.org
468,Carlos,Thompson,walkerlauren@example.com
469,John,Daniel,karen89@example.net
470,James,Mason,richard30@example.com
471,Carlos,Jackson,vharris@example.net
472,Peter,Johnson,tdavis@example.net
473,Melissa,Smith,sruiz@example.net
474,Allison,Morales,garciapamela@example.org
475,Samantha,Baker,teresa08@example.net
476,Keith,Taylor,angellong@example.com
477,Amanda,Frank,christine39@example.org
478,Kevin,Cabrera,marcvasquez@example.net
479,Mary,Cortez,daniel93@example.com
480,Carl,Calderon,amandavincent@example.com
481,Charles,Hayes,haysleslie@example.com
482,Deborah,Carter,ifitzgerald@example.org
483,Sharon,Alvarez,matthew30@example.net
484,Thomas,Moore,david37@example.com
485,Gina,Carroll,epeterson@example.org
486,Daniel,Pitts,hwalters@example.net
487,Vanessa,Bell,mark45@example.net
488,Michael,Clark,jennifershepard@example.net
489,Teresa,Anderson,amarshall@example.org
490,Matthew,Powell,espinozachristy@example.net
491,Mario,Bennett,alexisclark@example.org
492,John,Singleton,njohnson@example.org
493,Barbara,Randolph,luke45@example.com
494,Kelly,Rodriguez,allison25@example.org
495,Stephen,Sullivan,danielpacheco@example.org
496,Lisa,Russell,michele90@example.net
497,Dennis,Cain,daniel38@example.net
498,Dana,Lewis,imacias@example.com
499,Ashley,Cameron,hailey23@example.net
500,Joseph,Collins,amandajefferson@example.com
501,Joseph,Bailey,rileyleslie@example.org
502,Tony,Long,russellsusan@example.org
503,Ronald,Edwards,leelisa@example.net
504,Natasha,Morrison,jimmywolf@example.net
505,Ebony,Miller,nancysmith@example.net
506,Rhonda,Johnson,romannicole@example.com
507,David,Jones,richardburton@example.com
508,Angel,Wong,donaldflowers@example.net
509,Michele,Pitts,xwilliams@example.org
510,Tina,Weaver,ypage@example.com
511,Louis,Shepherd,timothyhamilton@example.net
512,Michael,Jackson,brucemark@example.net
513,John,Ramirez,tracy66@example.net
514,Jacob,Obrien,jerry95@example.org
515,Stephanie,Fernandez,tammywilliams@example.com
516,Jamie,Davis,reginald78@example.net
517,Michael,Sullivan,deborahnavarro@example.org
518,Susan,Johnson,annette57@example.com
519,Michael,Johnson,smithtara@example.org
520,Ryan,Lewis,snguyen@example.net
521,Michael,Jones,bensonelizabeth@example.org
522,Angela,Holloway,othomas@example.org
523,Matthew,Liu,johnsongregory@example.org
524,Michael,Clark,william43@example.org
525,Larry,Mcdonald,jdecker@example.org
526,Nicholas,Cooley,ayalascott@example.net
527,Anna,Jennings,kyleferrell@example.com
528,Tonya,Garza,heather13@example.org
529,John,Morris,jill18@example.com
530,Travis,Jones,alexa92@example.org
531,Caitlin,French,jason13@example.net
532,James,Hunter,dylanadams@example.net
533,David,Frye,virginiarandall@example.com
534,Adrian,Perez,georgereid@example.org
535,Shawn,Neal,marvinbennett@example.com
536,Kristin,Price,savannahponce@example.com
537,Melissa,Khan,sgarcia@example.org
538,Christopher,Walker,kylealvarez@example.com
539,Todd,Quinn,ambermartinez@example.com
540,Molly,Davis,vegajason@example.net
541,Bobby,Pope,sheilaroy@example.net
542,Christina,Anderson,kimpoole@example.net
543,Kaylee,Walker,dawn27@example.com
544,Cynthia,Cook,smithnatalie@example.com
545,Christopher,Rasmussen,ugonzales@example.com
546,Leroy,Singh,michael37@example.org
547,Ryan,Patterson,rodriguezkathy@example.net
548,Joseph,Miller,richardhardin@example.org
549,Jonathan,Crane,santoskimberly@example.net
550,Christian,Fields,jessicagrant@example.net
551,Jason,Davis,tanyanash@example.com
552,Meagan,Thompson,richard04@example.com
553,Henry,Jackson,gabrielletanner@example.net
554,Michael,Nelson,josephjones@example.net
555,Mark,Bender,davidjones@example.com
556,Emma,Reynolds,ldiaz@example.org
557,Kara,Griffin,baileyrachel@example.com
558,William,Beck,hschwartz@example.net
559,Crystal,Thomas,eflores@example.net
560,Melody,Jackson,qhall@example.net
561,Patricia,Compton,clarkjoseph@example.com
562,Joy,Woods,ryanedwards@example.net
563,Linda,Delacruz,gknight@example.org
564,Jacqueline,Jenkins,roger65@example.com
565,Andrew,Rodriguez,robert22@example.net
566,Brandy,Rodriguez,laceycohen@example.com
567,Rita,Hess,ldavis@example.net
568,Molly,Zuniga,sanchezgerald@example.org
569,Jeremy,Adams,paigegates@example.org
570,John,Montoya,iarroyo@example.org
571,Jeremiah,Harper,hday@example.com
572,Susan,Shah,keith19@example.org
573,Pedro,Jones,wwheeler@example.org
574,Kayla,Church,shari56@example.com
575,Daniel,Wilson,alexanderamy@example.net
576,Michelle,Schultz,kaylee72@example.org
577,Francis,Hernandez,asandoval@example.net
578,James,Hoffman,lyonsannette@example.org
579,Christopher,Webb,mjohnson@example.net
580,Catherine,Ballard,gina02@example.com
581,Deborah,Romero,yoderjames@example.com
582,James,Boyd,arobbins@example.net
583,Joseph,Jones,maldonadogina@example.net
584,Julie,Anderson,mali@example.net
585,Glen,Jones,brittany59@example.org
586,Taylor,Douglas,hjohnson@example.com
587,Dylan,Dunn,ihall@example.org
588,James,Sanchez,nataliegrant@example.org
589,Dawn,Griffith,pmcguire@example.net
590,Nicole,Dixon,lisawilliams@example.net
591,Edward,Adams,michaeldavies@example.com
592,Shawn,Crawford,matthewandersen@example.com
593,Noah,Palmer,dtaylor@example.org
594,Mary,Richard,bauerdavid@example.com
595,Brandon,Jones,pyu@example.org
596,Amanda,Woods,michael44@example.org
597,Jason,Martin,vromero@example.com
598,Alexander,Parker,vwhite@example.net
599,Bradley,Thompson,yhernandez@example.org
600,Jeffrey,Mcpherson,blackburnchristopher@example.net
601,Melissa,Hampton,petersonkatherine@example.net
602,Bethany,Shaw,creynolds@example.com
603,Shelia,Tate,kgood@example.com
604,Jon,Mejia,kaylaward@example.org
605,Elizabeth,Johnson,michaelsoto@example.org
606,Mitchell,Mccormick,larrywilson@example.org
607,Peggy,Sims,garciaelizabeth@example.net
608,Diane,Page,mariabrown@example.net
609,Austin,Carroll,alexander88@example.org
610,Gloria,Smith,nbrown@example.com
611,Timothy,Pierce,courtney25@example.org
612,Faith,Smith,henryoconnor@example.com
613,Jeff,Farrell,elizabethjohnson@example.org
614,Jason,Vasquez,teresa89@example.com
615,Michael,Morgan,dhernandez@example.com
616,Nathan,Bates,otodd@example.org
617,Joseph,Brown,bhansen@example.com
618,Angela,White,mooreelizabeth@example.com
619,Eric,Cline,jennifer58@example.net
620,Teresa,Allen,derek68@example.net
621,Ryan,Cortez,jonathansellers@example.com
622,Danielle,Reynolds,rebeccaarroyo@example.com
623,Carl,Anderson,ahaynes@example.net
624,Cynthia,Smith,greenheather@example.org
625,Derrick,Flynn,angelacaldwell@example.org
626,Lisa,Robinson,starkrick@example.org
627,Gregory,Smith,sjimenez@example.com
628,Kathy,Berger,zrobinson@example.net
629,Dwayne,Dixon,prosario@example.com
630,Anthony,Lindsey,isaacgonzalez@example.org
631,Tiffany,Wilkinson,briggsjohnathan@example.net
632,Robert,Morgan,sherryhanson@example.org
633,Eric,Torres,thompsonkimberly@example.net
634,Ashley,Walker,andersonbenjamin@example.com
635,Melissa,English,richard41@example.org
636,Scott,Burgess,adamsweeney@example.com
637,Sarah,Mann,jason19@example.net
638,William,Bowers,davidsuarez@example.org
639,Benjamin,Cortez,kparsons@example.com
640,Craig,Avila,devin95@example.com
641,Mary,Mckee,johnsonlisa@example.com
642,Jacob,Arias,jacob60@example.com
643,Teresa,Powell,hoganhannah@example.com
644,Daniel,Robinson,matthewkhan@example.com
645,Pamela,Coleman,znichols@example.com
646,Teresa,Shannon,sylviaking@example.org
647,Kevin,Harrison,rbuck@example.net
648,Shelly,Osborne,bradley71@example.com
649,James,Kelly,katiegarcia@example.org
650,Joshua,Bradley,johnsonchristopher@example.com
651,Gregory,Roberts,krista48@example.net
652,Joshua,Smith,lindseysmith@example.org
653,Amy,Griffith,ryanberry@example.net
654,Benjamin,Hawkins,along@example.org
655,Tammy,Bullock,jessicagarcia@example.net
656,Linda,Mccann,dwright@example.com
657,Elizabeth,Maxwell,lholmes@example.com
658,Kathleen,Hill,sarastephens@example.org
659,Christopher,Morris,powellcharles@example.org
660,Shannon,Vaughn,ashleyjohnson@example.com
661,Cindy,Mullins,sarahholmes@example.com
662,Tamara,Lewis,tmcknight@example.net
663,Kellie,Juarez,lambertnathan@example.net
664,Denise,Powers,garciajaclyn@example.org
665,Maria,Sherman,ccole@example.org
666,Michael,Taylor,william17@example.org
667,Kelly,Ferguson,coopermonica@example.net
668,Michael,Thomas,grimescheryl@example.org
669,Michael,Walker,xgraham@example.net
670,Jane,Jenkins,raymondgilbert@example.net
671,Edward,Waters,regina07@example.com
672,Jesus,Turner,fstrickland@example.net
673,Scott,Harper,glennjonathan@example.org
674,Shane,Levine,thomaswayne@example.com
675,Stephen,Luna,nancymurphy@example.net
676,Paul,Robinson,fpeters@example.net
677,Dana,Garcia,riveraheather@example.com
678,Matthew,Durham,zcurry@example.org
679,Keith,Stokes,alexvaldez@example.com
680,Joseph,Curry,schmidtdeanna@example.com
681,Christopher,Jones,blakesarah@example.org
682,Mary,Sims,danielchapman@example.net
683,Adriana,Molina,darlene80@example.org
684,Laura,Campbell,umoran@example.net
685,Tracey,White,vgraham@example.net
686,Sarah,Perez,johnholloway@example.com
687,Christopher,Flores,dnunez@example.net
688,Derek,Morris,sandra36@example.org
689,Christopher,Bean,gbutler@example.com
690,Molly,Bright,shelley16@example.com
691,Mark,Smith,fwilliams@example.com
692,Michael,Harris,chasepacheco@example.com
693,Laura,Fox,sharon59@example.com
694,Daniel,Curtis,ariel36@example.org
695,Charlotte,Price,paul94@example.com
696,Lisa,Jimenez,mbennett@example.org
697,Katherine,Hudson,paulahicks@example.com
698,Diana,Sanders,vfleming@example.com
699,Christopher,Peterson,pamelawilliamson@example.com
700,Brian,Hawkins,richard52@example.com
701,Brian,Johnson,powellbarry@example.org
702,Mary,Jones,johngarcia@example.org
703,Justin,Woodard,christopher52@example.net
704,Kevin,Harris,walkerteresa@example.net
705,Martha,Lynn,bentonmark@example.com
706,Jeffrey,Wood,marylutz@example.org
707,Victoria,Ross,gmadden@example.net
708,Justin,Huynh,hbullock@example.com
709,Christina,Roberts,donaldreynolds@example.org
710,Rhonda,Charles,aaronhodge@example.org
711,Maria,Flowers,pfoster@example.net
712,Lawrence,Ramsey,uwood@example.com
713,Ana,Chaney,rachelrichards@example.com
714,Jenna,Smith,john53@example.com
715,Hailey,Welch,bpeters@example.net
716,Lauren,Allen,dsimmons@example.net
717,David,Cooper,daviesandrew@example.org
718,Todd,Martin,arhodes@example.com
719,Sabrina,Howell,johnrice@example.net
720,Vickie,Cooper,phillipdorsey@example.com
721,Alexandra,Smith,eric37@example.org
722,Deborah,Coleman,alexander87@example.net
723,Krista,Rubio,mendezvincent@example.net
724,Rebecca,Bridges,patricia95@example.org
725,Vanessa,Newman,baxtertina@example.com
726,Alicia,Smith,blake63@example.com
727,Steven,Dixon,thomas97@example.org
728,Christopher,Walters,stewartdavid@example.com
729,Angela,Hall,tiffanythomas@example.org
730,Karen,Barker,qmullins@example.org
731,Gina,Wagner,ukennedy@example.net
732,Robert,Harris,martinrussell@example.com
733,Kenneth,Williams,stoutjustin@example.com
734,Omar,Keller,tuckeremily@example.com
735,Todd,Byrd,jlee@example.org
736,Laurie,Valencia,dorothycraig@example.org
737,Kristina,Howard,tammy48@example.org
738,Rebecca,Glenn,phillip16@example.com
739,Sarah,Rodgers,adamhartman@example.com
740,James,Dawson,vickieross@example.net
741,Heather,Huang,murrayjanet@example.com
742,Thomas,Cruz,davidmccarty@example.net
743,Holly,Chavez,qdonovan@example.com
744,Diana,Harris,bradleyamber@example.org
745,Andrew,Hernandez,mrussell@example.org
746,Jason,Bryant,lopezkaren@example.net
747,Alisha,Lee,mhayes@example.org
748,James,Berry,joel06@example.com
749,Maria,Vaughan,charlescarlson@example.org
750,Joe,Torres,sarah45@example.com
751,Michael,Todd,kimberly22@example.com
752,David,Brown,xjordan@example.net
753,Ashley,Lee,bowmandavid@example.net
754,Derek,Andrews,garciaraymond@example.org
755,Kevin,Boyd,gmartinez@example.org
756,Jennifer,Murphy,ywalters@example.com
757,Deanna,Parker,duranemily@example.net
758,Connie,Rios,ijacobs@example.net
759,Monica,Cook,brianvaughn@example.net
760,Pamela,Johnson,gomezjames@example.net
761,Bethany,Juarez,markbaker@example.net
762,Vincent,Knight,robertsonjustin@example.org
763,Rick,Becker,teresafowler@example.com
764,Patrick,Torres,jessicajohnson@example.net
765,Angela,Morrison,millerjessica@example.org
766,Kimberly,Mclaughlin,markthomas@example.com
767,Kenneth,Hamilton,samanthathompson@example.org
768,Desiree,Wallace,alex82@example.net
769,Joyce,Whitehead,alexapugh@example.org
770,Lucas,Levy,ubrown@example.org
771,Taylor,Singleton,lkerr@example.org
772,Sean,Medina,strongcathy@example.com
773,Ethan,Thomas,aguirrenathan@example.net
774,Aaron,Lewis,jonesmichael@example.org
775,James,Mckee,walkerjames@example.net
776,Manuel,Warren,grayjames@example.org
777,Tara,Bishop,santoslawrence@example.org
778,Danielle,Mitchell,ortizjames@example.net
779,Steven,White,nelsondavid@example.org
780,Theresa,Rodriguez,rogercarter@example.net
781,Kelsey,Davenport,judy93@example.com
782,Theresa,Lewis,jperez@example.net
783,Claudia,Cunningham,barbara55@example.org
784,Jessica,Shaffer,bmaddox@example.net
785,Jeffrey,Wright,christopher40@example.net
786,Laura,Moore,ybarrett@example.net
787,Roy,Lopez,jamesmorgan@example.net
788,Aaron,Long,whitetimothy@example.com
789,Ryan,Liu,tsalinas@example.org
790,Carlos,Castillo,scottwilliams@example.net
791,Jennifer,Woodward,andersonvictoria@example.com
792,Allison,Travis,nataliemckenzie@example.com
793,Jessica,Anderson,matthew79@example.org
794,Paula,Bryant,kellerwilliam@example.org
795,Crystal,Christian,brianna65@example.net
796,Christina,Hoffman,victoria11@example.net
797,Jennifer,Vega,browndustin@example.net
798,David,Alexander,kim99@example.net
799,Devon,Rangel,hluna@example.net
800,Taylor,Johnson,kellybrowning@example.net
801,Craig,Porter,lopezwhitney@example.com
802,Tina,Vang,matthew43@example.net
803,Nicole,Carpenter,epatterson@example.net
804,Andrew,Marks,smithjacob@example.com
805,Angela,Thompson,oconnorkelli@example.com
806,Michael,Davis,matthewaustin@example.org
807,Anthony,Austin,joseph28@example.org
808,Doris,Roberson,dbrown@example.net
809,Mary,Moreno,yolanda47@example.org
810,Ann,Rivers,kyoder@example.com
811,Katherine,Chavez,tcox@example.net
812,Russell,Carlson,marcusreed@example.com
813,Chelsea,Harris,houstonclaire@example.org
814,Jacob,Powell,juliewarren@example.org
815,Joseph,Bradshaw,padams@example.net
816,Angela,Moody,rwilliams@example.com
817,Patricia,Martinez,gregoryanderson@example.net
818,Joe,Lewis,jordantravis@example.net
819,Henry,West,alejandrawilson@example.org
820,Cynthia,Khan,shane27@example.net
821,Christopher,Hampton,rhondamiller@example.net
822,Timothy,Carr,ssingh@example.net
823,Nancy,Rodriguez,rollinscory@example.org
824,Jose,Dunn,melindaowens@example.com
825,Kirk,Macdonald,marypeterson@example.net
826,Sara,Blair,yvonnesexton@example.net
827,Lori,King,noahjohnson@example.org
828,Natalie,Leon,plevy@example.org
829,John,Lawrence,annabauer@example.net
830,William,Welch,omedina@example.net
831,Patrick,Wheeler,kimberly92@example.org
832,Allison,Gilbert,robert66@example.net
833,Daniel,Keller,dhunter@example.org
834,Nicholas,Moreno,smichael@example.net
835,Shannon,Evans,amyprice@example.org
836,Catherine,Martinez,umckenzie@example.net
837,Teresa,Gillespie,griffinadam@example.com
838,Tracey,Wright,kimberlymurray@example.net
839,Kelsey,Smith,angelaortiz@example.com
840,Samantha,Glenn,wsmith@example.net
841,Christopher,Phillips,snyderkatelyn@example.org
842,Debbie,Pratt,johnny53@example.com
843,Erika,Nelson,robert94@example.com
844,Jason,Daugherty,kelsey49@example.net
845,Renee,Romero,lloydchristine@example.net
846,Mary,Stephens,brewermatthew@example.net
847,Courtney,Navarro,brittanyprice@example.com
848,Patricia,Lloyd,deborahfoster@example.org
849,Jonathan,Howell,apetty@example.com
850,Haley,Crawford,gcaldwell@example.org
851,Evan,Ingram,wigginsmichael@example.net
852,Michael,Jones,craig41@example.com
853,Jennifer,Pierce,cadams@example.com
854,Timothy,Kelley,yromero@example.com
855,Kenneth,Weber,danielslaura@example.org
856,Sandy,Lopez,james23@example.net
857,Mikayla,George,mmarshall@example.com
858,Ryan,Krause,mbaker@example.com
859,James,Carney,vhale@example.org
860,Barbara,Schroeder,ramirezpamela@example.org
861,Lacey,Hull,ashlee73@example.org
862,Daniel,Sandoval,dtaylor@example.com
863,Christopher,Villarreal,basschristy@example.com
864,Monique,Sosa,vadkins@example.org
865,Valerie,Johnston,foxdonald@example.com
866,Emma,Torres,carlos71@example.net
867,Christopher,Rhodes,baileyrandy@example.org
868,John,Hart,scottmitchell@example.com
869,Miguel,Reyes,ibarramichael@example.net
870,Jonathon,Romero,jenna31@example.org
871,Roger,Flynn,emilyhudson@example.com
872,Gregory,Clark,stevenstrong@example.net
873,Edward,Tanner,elee@example.net
874,Joshua,Santos,ljenkins@example.net
875,Danielle,Green,ucox@example.org
876,Brian,Brown,mmiller@example.com
877,Meredith,Williams,sampsonjeanette@example.net
878,Robert,Allen,lisahull@example.net
879,James,Arnold,zsnyder@example.org
880,Gary,Stone,kevin31@example.com
881,Latoya,Cruz,robinsmith@example.com
882,Stephen,Williams,rowlandaaron@example.org
883,Shawn,West,amynunez@example.com
884,Laura,Roy,johnsonstacy@example.com
885,Nathan,Taylor,robinsonlindsay@example.net
886,Sabrina,Edwards,vharris@example.org
887,Keith,Singh,scottrichard@example.net
888,Oscar,Estes,nicholas23@example.net
889,Donald,Gay,robert61@example.net
890,Andre,Mccoy,barronanna@example.net
891,Billy,Rivera,lindsaygonzalez@example.com
892,Tina,Lopez,hallsteven@example.com
893,Derek,Ruiz,daltonkellie@example.net
894,Rachel,Thomas,davilaethan@example.org
895,Jennifer,Robinson,james94@example.org
896,Thomas,Hardy,kharvey@example.net
897,Penny,Mills,burtoncameron@example.com
898,Janet,James,erinmills@example.org
899,Dennis,Stafford,rjohnson@example.net
900,Mariah,Salazar,hhenry@example.org
901,Elizabeth,Chavez,jefferymarsh@example.org
902,Brianna,Hunt,rkim@example.org
903,Shane,Watkins,garciamelissa@example.net
904,James,Fisher,zbrock@example.org
905,Paula,Morgan,preed@example.net
906,Larry,Johnson,camposhannah@example.com
907,Jasmine,Johns,monique62@example.net
908,Peter,Grant,manningcharlotte@example.org
909,Andrew,Jones,djackson@example.com
910,Christina,Thompson,xcarter@example.net
911,Karen,Robinson,dianapatel@example.com
912,Joshua,Vega,tamara74@example.com
913,Corey,Elliott,awilliams@example.net
914,Thomas,Macdonald,treyes@example.net
915,Jennifer,Sullivan,schroederamy@example.org
916,Dustin,Miller,curtis29@example.org
917,Rebecca,Robinson,srodriguez@example.net
918,Carolyn,Dawson,brianscott@example.org
919,Rebekah,Mckinney,wmoody@example.org
920,Teresa,Sosa,julia05@example.com
921,Teresa,Weaver,patrick90@example.net
922,Ashley,Dixon,kevin82@example.org
923,Alex,Atkinson,valeriemartin@example.com
924,Thomas,Howell,keithnicholas@example.org
925,Lauren,Lam,mary24@example.net
926,Mark,Davis,jimjimenez@example.com
927,Marvin,Morris,aaron55@example.net
928,Cory,Mckee,christopher00@example.net
929,Marilyn,Perez,smithpaul@example.org
930,Scott,Bass,lwolfe@example.org
931,Antonio,Hubbard,brownrichard@example.com
932,Jeffrey,Woods,johnhampton@example.net
933,Donald,Nelson,michaellindsey@example.net
934,April,Riley,jharmon@example.org
935,Miranda,Jenkins,georgebrown@example.net
936,Janet,Campos,hstephens@example.org
937,Katherine,Yoder,allisonisaiah@example.net
938,Catherine,Neal,michealbrown@example.com
939,Joseph,Russell,blacktammy@example.net
940,Daniel,Quinn,jordanjoel@example.com
941,Sharon,Carter,daviskevin@example.com
942,Alicia,Green,yramos@example.org
943,Michaela,Mcdonald,twatts@example.net
944,Gregory,Anderson,ashleybrown@example.org
945,Emily,Hicks,leroy13@example.com
946,Sandra,Reese,dsimpson@example.com
947,Beverly,Parrish,stuartjohnathan@example.org
948,Tammie,Campbell,michaellawson@example.net
949,David,Welch,perezchristine@example.com
950,Amanda,Solis,jessica05@example.org
951,Timothy,Fisher,morrowcarolyn@example.org
952,Bobby,Savage,victor43@example.org
953,Sharon,Chambers,rayluis@example.com
954,Monique,Davis,sherrigreen@example.com
955,Juan,Mcintosh,stephaniebell@example.org
956,Anthony,Anderson,hsantos@example.com
957,Joshua,Bryant,kevinmiller@example.org
958,George,Schmidt,pthomas@example.org
959,Madison,Edwards,jasmine37@example.net
960,Nicholas,Baker,aallen@example.com
961,Katie,Lane,juliewood@example.org
962,Christopher,Barker,michaelvaughn@example.net
963,Jose,Moore,cynthiaallen@example.com
964,Ashley,Payne,petersongregory@example.org
965,Jody,Davila,fhardin@example.org
966,Hannah,Lee,markhouston@example.com
967,Cynthia,Ellis,schroedermark@example.net
968,Erica,Walker,jamesmiller@example.com
969,Emily,Hayes,oharris@example.org
970,Brandi,Sandoval,danasharp@example.com
971,Brandon,West,robinsonwyatt@example.org
972,Kevin,Watts,rachel12@example.com
973,Russell,Ali,loriharris@example.org
974,Jessica,Rogers,loweryjoshua@example.net
975,James,Mcdonald,thomas59@example.net
976,Jessica,Jones,stanleylee@example.com
977,Andrew,Krause,reidemily@example.com
978,Barbara,Williams,manuelanderson@example.com
979,Deborah,Yates,wduncan@example.org
980,Sharon,Jarvis,theresaleonard@example.net
981,Edwin,Jenkins,jessica00@example.com
982,Kimberly,Johnson,kelly02@example.com
983,Angela,Turner,michaelblack@example.net
984,Jackie,Richardson,lstokes@example.net
985,Valerie,Reed,beth34@example.com
986,Kelly,Velasquez,chelsea63@example.com
987,Anthony,Friedman,moorejohn@example.org
988,Jason,Hayes,sarahrobinson@example.net
989,Frank,Ramirez,smithsusan@example.com
990,William,Aguilar,vargaswalter@example.com
991,Earl,Cameron,keithwilliams@example.com
992,Shannon,Ward,sabrinaowens@example.net
993,Cynthia,Clark,jeffreywhite@example.net
994,Vincent,Smith,rosariodavid@example.org
995,Keith,Thomas,eduardobush@example.com
996,Derrick,Johnson,perezdylan@example.org
997,Darlene,Hayes,jsanchez@example.org
998,Brian,Shaw,loweryan@example.net
999,Jake,Smith,taylorbishop@example.org
1000,Cody,Harris,michelle93@example.net
