product_id,product_name,price
1,Produce,80.6
2,Determine,287.98
3,Coach,498.69
4,Phone,472.3
5,Think,314.52
6,Out,388.76
7,Part,359.69
8,Student,316.53
9,Course,217.36
10,Simply,248.75
11,Statement,149.99
12,Never,100.62
13,Cause,412.47
14,Figure,40.36
15,Republican,182.7
16,Sort,241.42
17,His,221.62
18,Music,298.7
19,Important,144.77
20,Just,478.78
21,Party,141.16
22,Prepare,420.77
23,Represent,412.11
24,Really,330.39
25,Available,250.93
26,Job,376.51
27,Consumer,227.57
28,Language,412.52
29,Because,178.91
30,Court,152.14
31,Term,485.56
32,Fund,342.29
33,Attack,194.9
34,Town,401.45
35,Challenge,246.38
36,About,12.2
37,Small,37.4
38,Expert,447.83
39,Reflect,154.19
40,Up,296.1
41,More,114.35
42,Never,39.02
43,Be,278.89
44,Itself,439.63
45,Way,250.68
46,Poor,392.38
47,Take,447.66
48,Sort,228.85
49,Feel,243.73
50,Opportunity,166.56
51,Oil,108.84
52,Ready,420.33
53,Above,485.1
54,Room,221.51
55,Hundred,471.21
56,Know,278.79
57,Outside,103.12
58,Environmental,16.96
59,Tough,418.89
60,Win,334.6
61,Lawyer,351.5
62,Light,245.04
63,Strategy,364.98
64,Against,491.55
65,Range,430.11
66,Player,211.47
67,Recognize,301.26
68,Effort,57.36
69,Kitchen,340.46
70,Avoid,24.04
71,Can,268.41
72,Next,409.92
73,Parent,25.92
74,Score,352.49
75,Walk,131.43
76,Thank,445.17
77,Age,270.23
78,Program,376.98
79,Sound,139.58
80,Trouble,293.7
81,Indeed,433.63
82,Main,349.97
83,Fish,322.41
84,Provide,404.22
85,Fight,321.65
86,Of,444.15
87,Production,480.44
88,Adult,222.45
89,Claim,349.52
90,Three,414.87
91,Rather,51.8
92,Wall,468.03
93,Different,101.41
94,Support,295.93
95,Push,394.98
96,Few,5.28
97,Manage,113.42
98,Network,14.53
99,Eight,342.87
100,Get,220.87
101,Court,35.41
102,Pull,468.5
103,Model,239.95
104,Effort,157.58
105,Can,58.1
106,Against,180.08
107,Attack,167.97
108,Analysis,393.46
109,Until,97.7
110,Try,443.77
111,Toward,157.26
112,At,242.9
113,Claim,304.92
114,Price,136.66
115,Dream,365.14
116,Check,496.51
117,Just,142.82
118,Understand,116.6
119,While,244.81
120,Cup,458.95
121,Fund,492.6
122,All,459.94
123,Wall,165.07
124,Miss,225.92
125,Official,265.17
126,Will,41.18
127,Them,428.76
128,Network,229.59
129,Discussion,119.27
130,Can,252.98
131,Wait,398.64
132,Last,305.92
133,Knowledge,261.96
134,Throw,284.82
135,Think,220.51
136,Hair,341.46
137,Hard,272.96
138,Analysis,444.05
139,Family,339.12
140,Seek,187.49
141,History,448.09
142,Generation,240.49
143,Different,472.35
144,Believe,398.79
145,Her,20.33
146,Control,92.21
147,Party,55.32
148,Article,445.16
149,Management,57.41
150,South,72.4
151,Officer,496.87
152,Along,39.12
153,Respond,210.94
154,Side,434.3
155,Military,407.98
156,Stage,182.35
157,Behavior,33.43
158,Good,373.08
159,Herself,372.6
160,Price,241.99
161,Shake,318.86
162,Everyone,147.2
163,On,186.78
164,Recently,310.9
165,Game,78.9
166,Light,212.49
167,College,224.17
168,Policy,347.07
169,Central,460.43
170,Town,40.78
171,Father,350.16
172,Data,250.68
173,Reveal,461.96
174,Which,314.06
175,Cultural,471.13
176,Seat,288.86
177,Little,184.9
178,Trial,65.82
179,Truth,153.54
180,Response,179.99
181,Require,284.33
182,Two,496.05
183,Require,448.54
184,Firm,72.35
185,Option,335.4
186,Case,436.63
187,Major,319.82
188,Individual,443.19
189,Relate,147.88
190,Theory,72.61
191,West,246.88
192,Green,319.33
193,Condition,250.13
194,Significant,447.89
195,Machine,494.68
196,Into,305.3
197,Analysis,195.32
198,Physical,373.73
199,When,286.28
200,Agree,275.47
201,Western,437.71
202,Position,141.74
203,Adult,98.55
204,Sound,296.2
205,Camera,145.68
206,Program,270.77
207,Bill,68.3
208,Consider,438.21
209,Argue,148.45
210,Within,318.91
211,Responsibility,180.66
212,Now,122.95
213,Push,312.66
214,Explain,298.33
215,Major,33.6
216,Could,277.28
217,Usually,110.51
218,Professional,137.61
219,Really,24.98
220,Society,26.81
221,Sure,109.17
222,Somebody,80.58
223,Fact,77.6
224,Just,321.92
225,Top,460.72
226,Here,285.54
227,Sport,94.86
228,Indeed,404.8
229,Body,296.73
230,Agency,476.52
231,Raise,241.46
232,Natural,59.52
233,Nor,230.37
234,Center,6.55
235,Short,72.25
236,Benefit,469.19
237,Like,242.96
238,Why,472.08
239,Question,469.38
240,Keep,102.23
241,Later,269.46
242,Mrs,35.44
243,Something,457.3
244,Store,478.82
245,Expect,258.08
246,Able,426.74
247,Economic,154.79
248,Low,45.08
249,Person,492.22
250,Huge,202.45
251,Lawyer,152.34
252,Like,257.9
253,Job,358.42
254,Write,463.64
255,His,214.59
256,Player,127.97
257,Series,265.71
258,Light,77.66
259,Summer,131.5
260,Control,39.69
261,Represent,184.06
262,Her,92.87
263,Sort,157.37
264,Decide,245.93
265,Star,86.31
266,Social,468.09
267,Country,281.05
268,Way,164.18
269,Tough,302.11
270,Would,396.51
271,Eight,185.88
272,Fill,352.7
273,Situation,54.12
274,First,56.74
275,Idea,25.24
276,Institution,258.44
277,Where,328.27
278,Move,205.91
279,Help,204.8
280,North,13.76
281,Month,115.36
282,Two,332.62
283,Usually,384.65
284,Morning,165.79
285,Whole,447.68
286,Commercial,46.15
287,Sister,291.36
288,Space,55.84
289,Off,150.72
290,Focus,450.86
291,Once,346.84
292,Seem,242.18
293,Outside,131.93
294,Phone,41.14
295,Police,130.26
296,Item,215.06
297,Watch,398.94
298,Hundred,204.65
299,West,383.39
300,Among,119.77
301,Others,274.15
302,Sound,462.51
303,Major,489.27
304,Follow,276.08
305,Her,70.29
306,Hold,390.91
307,Note,228.49
308,Our,241.52
309,Protect,50.9
310,Vote,151.31
311,Throw,289.44
312,Situation,333.94
313,Dinner,151.33
314,Wait,239.74
315,Soldier,398.86
316,Oil,285.22
317,Surface,37.27
318,Cell,12.28
319,Toward,453.23
320,Approach,322.83
321,Religious,75.56
322,Occur,417.63
323,Economic,299.85
324,Economic,113.76
325,Hundred,281.87
326,Central,211.81
327,Production,499.91
328,Could,50.89
329,Really,374.27
330,Animal,217.0
331,Agent,321.18
332,Politics,258.46
333,Anyone,312.24
334,Recently,134.61
335,Station,42.9
336,Hospital,381.71
337,Skill,206.67
338,Person,243.62
339,Country,247.5
340,Often,46.68
341,Gun,51.61
342,System,478.74
343,Tv,240.99
344,Read,177.16
345,Within,210.38
346,Conference,30.32
347,Eat,138.42
348,Remain,231.55
349,Friend,173.73
350,Personal,30.8
351,Skill,87.53
352,Bill,164.03
353,Whose,272.7
354,Find,78.8
355,History,208.41
356,Indicate,8.39
357,Hold,147.52
358,You,329.56
359,Science,275.01
360,Suggest,483.09
361,Hot,365.74
362,Check,299.76
363,Those,154.83
364,Sound,84.82
365,Professor,459.25
366,So,223.44
367,Idea,394.98
368,Threat,83.83
369,Physical,67.55
370,Small,285.74
371,Beautiful,51.41
372,Many,20.55
373,Value,282.2
374,Knowledge,335.47
375,Fire,445.17
376,Much,167.79
377,Until,401.94
378,Century,428.55
379,Other,183.38
380,Source,276.01
381,Apply,313.66
382,Effect,240.39
383,Space,259.72
384,Since,229.07
385,Well,391.11
386,Reason,214.75
387,Rule,280.52
388,Offer,317.72
389,Machine,74.31
390,Base,40.96
391,Agreement,325.16
392,Soldier,141.55
393,Despite,263.08
394,Tonight,348.1
395,Baby,171.83
396,Concern,56.06
397,Worry,160.06
398,Real,71.83
399,Town,53.46
400,Act,387.4
401,Pick,341.45
402,Usually,341.36
403,Authority,215.58
404,Perhaps,153.82
405,Prove,16.73
406,Policy,438.28
407,Why,325.42
408,Instead,242.36
409,Watch,31.26
410,Case,400.18
411,Last,147.7
412,Sometimes,407.79
413,Center,496.98
414,Worry,307.45
415,Act,477.17
416,See,70.38
417,Expect,148.93
418,Million,35.93
419,Despite,54.3
420,Describe,72.09
421,Land,320.48
422,Throw,82.75
423,Somebody,410.7
424,Into,321.07
425,Though,165.2
426,Set,82.52
427,Not,410.44
428,Candidate,358.4
429,Rock,309.42
430,Per,275.12
431,Human,141.89
432,Whose,117.54
433,Theory,389.95
434,Expect,21.02
435,Social,122.68
436,Risk,472.16
437,Present,297.45
438,Maybe,161.16
439,Vote,18.16
440,Provide,475.31
441,Product,34.49
442,Close,155.41
443,Look,255.06
444,Street,231.57
445,Such,485.73
446,Director,60.56
447,Arm,376.57
448,Gas,149.05
449,Month,119.8
450,Area,101.99
451,Clear,117.67
452,World,46.98
453,Their,236.71
454,Improve,64.77
455,Itself,276.92
456,Everybody,452.55
457,Discuss,320.53
458,Add,257.33
459,Yet,223.31
460,Interview,313.84
461,South,224.53
462,Enough,412.76
463,Try,144.91
464,Near,267.75
465,Theory,313.64
466,For,477.28
467,Project,363.53
468,Join,253.58
469,Food,103.95
470,Concern,232.51
471,Study,327.77
472,Strong,46.16
473,One,341.31
474,High,33.57
475,Scene,118.44
476,Coach,131.18
477,Appear,442.21
478,Change,68.54
479,Whatever,301.68
480,Four,172.26
481,Yes,163.42
482,But,296.53
483,Anyone,192.76
484,Myself,497.12
485,Into,492.14
486,Energy,176.54
487,Bit,79.74
488,Serious,209.37
489,Myself,52.69
490,Everyone,476.01
491,Politics,474.71
492,Consumer,449.67
493,Country,312.43
494,Somebody,429.76
495,Not,295.22
496,Build,159.99
497,Where,482.27
498,Either,374.05
499,Low,230.52
500,Get,455.95
